{
  "Bruxelles, 1070": [
    50.8238652,
    4.298658400000001
  ],
  "['ANTWERPEN']": [
    51.2199302,
    4.414990299999999
  ],
  "['ANDERLECHT']": [
    50.8289886,
    4.3044056
  ],
  "['SENEFFE']": [
    50.5300565,
    4.2557339
  ],
  "['TOURNAI']": [
    50.6127324,
    3.379139
  ],
  "['Bastogne']": [
    50.0005481,
    5.7152698
  ],
  "['Virton']": [
    49.5668607,
    5.5341917
  ],
  "['Wingene', 'WINGENE']": [
    51.0579554,
    3.277482
  ],
  "['Jumet']": [
    50.4422198,
    4.4372943
  ],
  "['Province de Namur', 'Belgique', 'RÉGION WALLONNE', 'Province du Brabant Wallon', 'Province du Hainaut', 'Province de Liège', 'Province du Brabant Flamand', 'RÉGION FLAMANDE']": [
    50.400501,
    5.1335125
  ],
  "['Charleroi']": [
    50.408128,
    4.4476076
  ],
  "['Walhain-Saint-Paul']": [
    50.632777,
    4.7025798
  ],
  "['Nivelles']": [
    50.5992013,
    4.3272356
  ],
  "['Bruxelles', 'BRUXELLES']": [
    50.84770289999999,
    4.357200100000001
  ],
  "['BRUXELLES']": [
    50.84770289999999,
    4.357200100000001
  ],
  "['Province du Hainaut', 'Belgique', 'RÉGION WALLONNE']": [
    50.5257076,
    4.062101699999999
  ],
  "['PÉRUWELZ']": [
    50.5072245,
    3.5905464
  ],
  "['Herstal']": [
    50.66463470000001,
    5.630307699999999
  ],
  "['BRUGGE']": [
    51.20845079999999,
    3.2250586
  ],
  "['Brugge', 'BRUGGE']": [
    51.20845079999999,
    3.2250586
  ],
  "['LIÈGE']": [
    50.6402286,
    5.5689372
  ],
  "['MOUSCRON']": [
    50.748264,
    3.2256382
  ],
  "['SPA']": [
    50.49231340000001,
    5.8622681
  ],
  "['ANS']": [
    50.6679862,
    5.5077543
  ],
  "['Gembloux']": [
    50.560234,
    4.691782100000001
  ],
  "['Gosselies']": [
    50.4687201,
    4.431955900000001
  ],
  "['Vilvoorde']": [
    50.926264,
    4.4259183
  ],
  "['VERVIERS']": [
    50.5912077,
    5.867308599999999
  ],
  "['CHARLEROI']": [
    50.408128,
    4.4476076
  ],
  "['WERVIK']": [
    50.77827139999999,
    3.0440352
  ],
  "['Deinze', 'DEINZE']": [
    50.9791518,
    3.5309141
  ],
  "['POPERINGE']": [
    50.8558252,
    2.7254617
  ]
}