{
  "Bruxelles, 1070": [
    50.8238652,
    4.298658400000001
  ],
  "['ANTWERPEN']": [
    51.2199302,
    4.414990299999999
  ],
  "['ANDERLECHT']": [
    50.8289886,
    4.3044056
  ],
  "['SENEFFE']": [
    50.5300565,
    4.2557339
  ],
  "['TOURNAI']": [
    50.6127324,
    3.379139
  ],
  "['Bastogne']": [
    50.0005481,
    5.7152698
  ],
  "['Virton']": [
    49.5668607,
    5.5341917
  ],
  "['Wingene', 'WINGENE']": [
    51.0579554,
    3.277482
  ],
  "['Jumet']": [
    50.4422198,
    4.4372943
  ],
  "['Province de Namur', 'Belgique', 'RÉGION WALLONNE', 'Province du Brabant Wallon', 'Province du Hainaut', 'Province de Liège', 'Province du Brabant Flamand', 'RÉGION FLAMANDE']": [
    50.400501,
    5.1335125
  ],
  "['Charleroi']": [
    50.408128,
    4.4476076
  ],
  "['Walhain-Saint-Paul']": [
    50.632777,
    4.7025798
  ],
  "['Nivelles']": [
    50.5992013,
    4.3272356
  ],
  "['Bruxelles', 'BRUXELLES']": [
    50.84770289999999,
    4.357200100000001
  ],
  "['BRUXELLES']": [
    50.84770289999999,
    4.357200100000001
  ],
  "['Province du Hainaut', 'Belgique', 'RÉGION WALLONNE']": [
    50.5257076,
    4.062101699999999
  ],
  "['PÉRUWELZ']": [
    50.5072245,
    3.5905464
  ],
  "['Herstal']": [
    50.66463470000001,
    5.630307699999999
  ],
  "['BRUGGE']": [
    51.20845079999999,
    3.2250586
  ],
  "['Brugge', 'BRUGGE']": [
    51.20845079999999,
    3.2250586
  ],
  "['LIÈGE']": [
    50.6402286,
    5.5689372
  ],
  "['MOUSCRON']": [
    50.748264,
    3.2256382
  ],
  "['SPA']": [
    50.49231340000001,
    5.8622681
  ],
  "['ANS']": [
    50.6679862,
    5.5077543
  ],
  "['Gembloux']": [
    50.560234,
    4.691782100000001
  ],
  "['Gosselies']": [
    50.4687201,
    4.431955900000001
  ],
  "['Vilvoorde']": [
    50.926264,
    4.4259183
  ],
  "['VERVIERS']": [
    50.5912077,
    5.867308599999999
  ],
  "['CHARLEROI']": [
    50.408128,
    4.4476076
  ],
  "['WERVIK']": [
    50.77827139999999,
    3.0440352
  ],
  "['Deinze', 'DEINZE']": [
    50.9791518,
    3.5309141
  ],
  "['POPERINGE']": [
    50.8558252,
    2.7254617
  ],
  "['DEERLIJK']": [
    50.85241629999999,
    3.3528115
  ],
  "['OUPEYE']": [
    50.7093163,
    5.6442252
  ],
  "['NIVELLES']": [
    50.5992013,
    4.3272356
  ],
  "['Boom', 'BOOM']": [
    51.0908512,
    4.3603723
  ],
  "['Oostkamp', 'OOSTKAMP']": [
    51.1545991,
    3.235562
  ],
  "['Oudenaarde', 'OUDENAARDE']": [
    50.8459758,
    3.6022745
  ],
  "['Wavre']": [
    50.7154207,
    4.617655699999999
  ],
  "['Mouscron', 'MOUSCRON']": [
    50.748264,
    3.2256382
  ],
  "['ANTOING']": [
    50.5639669,
    3.4518675
  ],
  "['PEPINSTER']": [
    50.569671,
    5.8032502
  ],
  "['SOMBREFFE']": [
    50.5250804,
    4.6109944
  ],
  "['COMINES-WARNETON']": [
    50.726584,
    2.8806397
  ],
  "['ZWEVEGEM']": [
    50.8130329,
    3.3328026
  ],
  "['RENAIX']": [
    50.7498634,
    3.6039574
  ],
  "['DESTELBERGEN']": [
    51.0558591,
    3.7949533
  ],
  "['GENT']": [
    51.0499922,
    3.7303853
  ],
  "['Province de Flandre Occidentale', 'Belgique', 'RÉGION FLAMANDE']": [
    51.0536024,
    3.1457942
  ],
  "['BEERSEL']": [
    50.7670322,
    4.3081003
  ],
  "Bruxelles, 1000": [
    50.8427501,
    4.3515499
  ],
  "['Heusy', 'VERVIERS']": [
    50.57454449999999,
    5.866282099999999
  ],
  "['Neufchâteau']": [
    48.354965,
    5.694596
  ],
  "['Mons', 'La Louvière', 'Soignies', 'Charleroi']": [
    50.4761101,
    4.1830751
  ],
  "['Zwevegem', 'ZWEVEGEM']": [
    50.8130329,
    3.3328026
  ],
  "['Charleroi', 'CHARLEROI']": [
    50.408128,
    4.4476076
  ],
  "['WAVRE']": [
    50.7154207,
    4.617655699999999
  ],
  "['OTTIGNIES-LOUVAIN-LA-NEUVE']": [
    50.6712752,
    4.569871399999999
  ],
  "['MONT-SAINT-GUIBERT']": [
    50.6350703,
    4.6104717
  ],
  "['PERWEZ']": [
    50.6241966,
    4.8151116
  ],
  "['Province du Limbourg', 'Belgique', 'RÉGION FLAMANDE']": [
    50.9738973,
    5.3419677
  ],
  "['FERNELMONT']": [
    50.5564647,
    4.9865541
  ],
  "['Mons', 'MONS']": [
    50.4538181,
    3.9612155
  ],
  "['Frasnes-lez-Anvaing', 'FRASNES-LEZ-ANVAING']": [
    50.6667703,
    3.6194938
  ],
  "['Ath', 'ATH']": [
    50.6342274,
    3.772344
  ],
  "['RIXENSART']": [
    50.71225039999999,
    4.527667999999999
  ],
  "['Mouscron']": [
    50.748264,
    3.2256382
  ],
  "['Fosses-la-Ville', 'FOSSES-LA-VILLE']": [
    50.39457480000001,
    4.696104
  ],
  "['Marche-en-Famenne', 'MARCHE-EN-FAMENNE']": [
    50.2295567,
    5.3437708
  ],
  "['Flénu']": [
    50.43369149999999,
    3.8889901
  ],
  "['Verviers', 'VERVIERS']": [
    50.5912077,
    5.867308599999999
  ],
  "['Herstal', 'HERSTAL']": [
    50.66463470000001,
    5.630307699999999
  ],
  "anderlecht, 1990": [
    50.8289886,
    4.3044056
  ],
  "[\"Braine-l'Alleud\", \"BRAINE-L'ALLEUD\"]": [
    50.6852876,
    4.3752475
  ],
  "['Amay', 'AMAY']": [
    50.5475222,
    5.3172415
  ],
  "['Hamois']": [
    50.3409635,
    5.1569001
  ],
  "['PHILIPPEVILLE']": [
    50.1960367,
    4.5432456
  ],
  "Anderlecht, 1990": [
    50.8289886,
    4.3044056
  ],
  "['La Louvière', 'LA LOUVIÈRE']": [
    50.4761101,
    4.1830751
  ],
  "['Thuin']": [
    50.34022969999999,
    4.2920453
  ],
  "Bruxelles, 1080": [
    50.8569755,
    4.3193694
  ],
  "Anderlecht, 1070": [
    50.8289886,
    4.3044056
  ],
  "['Gosselies', 'CHARLEROI']": [
    50.4687201,
    4.431955900000001
  ],
  "['LIBRAMONT-CHEVIGNY']": [
    49.9213487,
    5.3775325
  ],
  "['HUY']": [
    50.5167024,
    5.2403015
  ],
  "['MONS']": [
    50.4538181,
    3.9612155
  ],
  "['Feluy']": [
    50.562207,
    4.250265
  ],
  "['Liège', 'LIÈGE']": [
    50.6402286,
    5.5689372
  ],
  "['ROCHEFORT']": [
    45.9371788,
    -0.9620645999999999
  ],
  "Molenbeek, 1990": [
    50.8589178,
    4.3120744
  ],
  "['Oostakker', 'GENT']": [
    51.09971299999999,
    3.7642304
  ],
  "['LONTZEN']": [
    50.6805102,
    6.0071971
  ],
  "['ATH']": [
    50.6342274,
    3.772344
  ],
  "['IEPER']": [
    50.8576861,
    2.8712378
  ],
  "['Gilly']": [
    46.4576159,
    6.2983682
  ],
  "['Latour', 'VIRTON']": [
    49.55752950000001,
    5.5705855
  ],
  "['Liège']": [
    50.6402286,
    5.5689372
  ],
  "['Saint-Gilles', 'SAINT-GILLES']": [
    50.8269838,
    4.344431699999999
  ],
  "['SAINT-GILLES']": [
    50.8269838,
    4.344431699999999
  ],
  "['BERTRIX']": [
    49.8550915,
    5.252895500000001
  ],
  "['Province de Liège', 'Belgique', 'RÉGION WALLONNE']": [
    50.449642,
    5.8491614
  ],
  "['FARCIENNES']": [
    50.4313036,
    4.5476347
  ],
  "['Aalst', 'AALST']": [
    50.9460841,
    4.0502929
  ],
  "['Waremme', 'WAREMME']": [
    50.6980242,
    5.260365999999999
  ],
  "['GERPINNES']": [
    50.3367138,
    4.5275915
  ],
  "['HEUSDEN-ZOLDER']": [
    51.0262329,
    5.267462
  ],
  "['Louvain-la-Neuve']": [
    50.666619,
    4.6117789
  ],
  "['Hannut', 'HANNUT']": [
    50.6721248,
    5.0778474
  ],
  "['Gembloux', 'GEMBLOUX']": [
    50.560234,
    4.691782100000001
  ],
  "['Comines-Warneton', 'COMINES-WARNETON']": [
    50.726584,
    2.8806397
  ],
  "['Herve', 'HERVE']": [
    50.639366,
    5.7941335
  ],
  "['Bastogne', 'BASTOGNE']": [
    50.0005481,
    5.7152698
  ],
  "['Battice', 'HERVE']": [
    50.6474662,
    5.8207169
  ],
  "['Vielsalm', 'VIELSALM']": [
    50.2838314,
    5.9146393
  ],
  "['Grâce-Hollogne', 'GRÂCE-HOLLOGNE']": [
    50.6476991,
    5.4947707
  ],
  "['SOUMAGNE']": [
    50.63128099999999,
    5.735635900000001
  ],
  "['Stembert', 'VERVIERS']": [
    50.5923294,
    5.892887399999999
  ],
  "['Louveigné', 'SPRIMONT']": [
    50.5302309,
    5.7162168
  ],
  "['RÉGION DE BRUXELLES-CAPITALE', 'Belgique']": [
    50.8260453,
    4.3802052
  ],
  "['Huy', 'HUY']": [
    50.5167024,
    5.2403015
  ],
  "['Ieper', 'IEPER']": [
    50.8576861,
    2.8712378
  ],